city,lat,lng,max_temp,humidity,windspeed,cloudiness,country,date
hilo,19.73,-155.09,69.8,88,5.82,75,US,1592407872
toowoomba,-27.55,151.97,54.0,93,4.7,90,AU,1592408148
ushuaia,-54.8,-68.3,39.2,80,11.41,40,AR,1592407846
mar del plata,-38.0,-57.56,66.2,88,12.75,75,AR,1592407883
rikitea,-23.12,-134.97,75.07,81,15.86,61,PF,1592408149
nipawin,53.37,-104.0,51.8,100,19.46,90,CA,1592408149
arraial do cabo,-22.97,-42.03,77.0,57,10.29,40,BR,1592408079
saskylakh,71.92,114.08,53.73,63,9.15,0,RU,1592408149
svetlyy,54.67,20.13,69.8,64,13.42,12,RU,1592408313
new norfolk,-42.78,147.06,35.01,88,2.55,0,AU,1592407873
kologriv,58.83,44.32,65.12,67,4.9,0,RU,1592408149
buta,2.79,24.73,79.11,71,1.52,98,CD,1592408150
port elizabeth,-33.92,25.57,62.6,77,9.17,0,ZA,1592408150
meulaboh,4.14,96.13,79.75,79,4.25,99,ID,1592408150
cabo san lucas,22.89,-109.91,86.0,30,6.93,5,MX,1592408082
bang sai,14.21,100.5,77.0,94,1.92,75,TH,1592408150
jamestown,42.1,-79.24,73.0,53,8.05,1,US,1592408150
port lincoln,-34.73,135.87,57.0,62,15.41,0,AU,1592408150
atuona,-9.8,-139.03,79.93,75,15.97,63,PF,1592408313
vaini,-21.2,-175.2,71.6,83,8.05,20,TO,1592408314
manakara,-22.13,48.02,66.4,71,6.69,50,MG,1592408314
punta arenas,-53.15,-70.92,33.8,86,6.93,0,CL,1592408314
tuktoyaktuk,69.45,-133.04,42.8,93,8.05,90,CA,1592408416
mataura,-46.19,168.86,39.0,83,3.0,97,NZ,1592408097
saint george,37.1,-113.58,73.4,33,17.22,1,US,1592407841
faanui,-16.48,-151.75,80.26,80,10.56,100,PF,1592408097
cao bang,22.67,106.25,77.07,88,3.74,16,VN,1592408097
hermanus,-34.42,19.23,61.0,60,3.44,0,ZA,1592408072
brownsville,25.9,-97.5,86.0,70,11.41,90,US,1592407905
bambous virieux,-20.34,57.76,70.0,94,18.34,75,MU,1592408098
hobart,-42.88,147.33,35.6,82,8.05,0,AU,1592407896
samarinda,-0.5,117.15,75.18,97,1.99,62,ID,1592408098
puerto ayora,-0.74,-90.35,71.6,88,9.17,75,EC,1592407859
husavik,66.04,-17.34,57.2,50,5.82,9,IS,1592408098
gardez,33.6,69.23,67.71,23,5.21,2,AF,1592408098
saint anthony,45.02,-93.22,80.01,47,13.87,5,US,1592407907
san cristobal,7.77,-72.22,78.8,74,10.29,75,VE,1592408023
alta floresta,-9.88,-56.09,87.8,45,12.75,0,BR,1592407918
strezhevoy,60.73,77.59,51.8,93,8.95,90,RU,1592408099
taltal,-25.4,-70.48,65.28,50,4.72,0,CL,1592408099
butaritari,3.07,172.79,83.08,76,15.57,6,KI,1592408076
russellville,35.28,-93.13,81.0,60,4.7,1,US,1592407948
klaksvik,62.23,-6.59,51.8,81,13.87,90,FO,1592408100
qaqortoq,60.72,-46.03,46.4,61,6.93,75,GL,1592408100
hadejia,12.45,10.04,101.01,22,3.11,40,NG,1592408100
yuanping,38.72,112.76,64.92,65,1.19,54,CN,1592408100
anuradhapura,8.36,80.42,80.65,79,12.57,41,LK,1592408100
esperance,-33.87,121.9,59.0,93,18.34,90,AU,1592407841
deputatskiy,69.3,139.9,56.88,76,2.59,26,RU,1592407955
yellowknife,62.46,-114.35,52.0,61,9.17,40,CA,1592407885
shoreline,47.76,-122.34,59.0,81,4.63,75,US,1592408010
maarianhamina,60.1,19.93,57.2,87,8.05,90,AX,1592408101
batemans bay,-35.72,150.18,48.99,90,3.11,94,AU,1592408102
bluff,-46.6,168.33,39.0,83,3.0,48,NZ,1592408078
sechura,-5.56,-80.82,72.3,63,9.71,57,PE,1592408102
port alfred,-33.59,26.89,59.0,84,4.0,0,ZA,1592408102
albany,42.6,-73.97,80.01,41,2.98,0,US,1592408102
sibolga,1.74,98.78,78.58,81,3.69,78,ID,1592408102
north bend,43.41,-124.22,54.0,100,4.7,1,US,1592408102
kurikka,62.62,22.42,75.0,69,6.93,33,FI,1592408103
thompson,55.74,-97.86,41.0,93,19.46,90,CA,1592407941
birao,10.28,22.79,89.08,47,6.58,82,CF,1592408103
bulgan,48.81,103.53,54.23,71,2.75,100,MN,1592408103
zhangye,38.93,100.45,74.57,19,4.94,0,CN,1592408103
kryvyy rih,47.92,33.35,80.6,47,8.95,40,UA,1592408103
piltene,57.22,21.67,64.4,72,6.93,1,LV,1592408103
kurilsk,45.23,147.88,48.0,92,8.03,100,RU,1592408104
tiksi,71.69,128.87,48.24,92,3.91,100,RU,1592408074
quatre cocos,-20.21,57.76,70.0,94,18.34,75,MU,1592407873
new bern,35.11,-77.04,73.99,83,6.93,90,US,1592408003
lyngseidet,69.58,20.22,60.8,71,4.7,2,NO,1592408104
ancud,-41.87,-73.82,54.0,93,10.29,20,CL,1592407848
camacupa,-12.02,17.48,68.58,38,3.94,0,AO,1592408104
avarua,-21.21,-159.78,71.6,64,8.05,17,CK,1592407861
busselton,-33.65,115.33,57.99,55,21.68,38,AU,1592407822
flinders,-34.58,150.86,55.99,84,1.01,74,AU,1592408105
saint-augustin,51.23,-58.65,56.61,82,5.7,100,CA,1592407874
pangkalanbuun,-2.68,111.62,75.25,96,3.24,83,ID,1592407995
griffith,41.53,-87.42,82.99,53,3.78,75,US,1592407907
morant bay,17.88,-76.41,87.8,62,19.46,20,JM,1592408105
cherskiy,68.75,161.3,67.44,47,1.36,84,RU,1592408106
kapaa,22.08,-159.32,75.2,78,11.41,40,US,1592407836
sola,-13.88,167.55,80.53,83,22.48,100,VU,1592408106
fortuna,40.6,-124.16,57.0,93,3.36,75,US,1592407829
chuy,-33.7,-53.46,71.64,69,15.1,100,UY,1592408106
samarai,-10.62,150.67,78.85,82,15.26,100,PG,1592408106
lakatoro,-16.1,167.42,78.8,83,6.93,75,VU,1592408106
carnarvon,-24.87,113.63,69.8,100,13.87,90,AU,1592408076
waingapu,-9.66,120.26,76.55,78,11.74,37,ID,1592407904
kavieng,-2.57,150.8,82.63,72,4.7,71,PG,1592408107
hithadhoo,-0.6,73.08,84.9,72,6.62,50,MV,1592408053
nanortalik,60.14,-45.24,39.34,76,7.96,36,GL,1592407898
puri,19.8,85.85,84.2,89,13.87,75,IN,1592408107
nome,64.5,-165.41,62.6,59,5.82,90,US,1592407832
romny,50.75,33.47,75.43,81,10.42,14,UA,1592407959
pangody,65.85,74.49,46.63,53,6.69,30,RU,1592408107
namibe,-15.2,12.15,78.8,69,16.11,20,AO,1592408107
cape town,-33.93,18.42,66.99,39,5.82,0,ZA,1592408068
dakar,14.69,-17.44,86.0,74,11.41,0,SN,1592407977
prince rupert,54.32,-130.32,53.6,81,1.32,90,CA,1592408108
camacha,33.08,-16.33,69.8,94,5.82,75,PT,1592408108
isangel,-19.55,169.27,73.4,83,6.93,20,VU,1592407931
otane,-39.88,176.63,46.99,93,1.95,84,NZ,1592408108
nueve de julio,-35.44,-60.88,73.99,73,8.99,64,AR,1592408108
chokurdakh,70.63,147.92,64.56,51,10.85,42,RU,1592407780
lompoc,34.64,-120.46,57.2,76,2.19,0,US,1592407779
bredasdorp,-34.53,20.04,71.6,43,3.31,0,ZA,1592408109
lynn haven,30.25,-85.65,75.99,64,9.17,90,US,1592408109
padang,-0.95,100.35,78.82,80,4.43,67,ID,1592408109
clyde river,70.47,-68.59,33.8,73,6.93,90,CA,1592407886
tessalit,20.2,1.01,111.88,6,10.07,0,ML,1592408109
sabang,5.89,95.32,83.91,77,8.9,99,ID,1592408109
east london,-33.02,27.91,66.2,59,12.75,0,ZA,1592408109
codrington,-38.27,141.97,43.57,85,8.95,44,AU,1592408109
abu dhabi,24.47,54.37,96.8,50,9.17,0,AE,1592408110
tawang,27.58,91.87,60.4,80,2.51,100,IN,1592408110
lucapa,-8.42,20.74,78.06,31,4.99,0,AO,1592408110
baykit,61.67,96.37,53.76,66,2.59,70,RU,1592408110
kavaratti,10.57,72.64,85.24,78,18.52,100,IN,1592407904
el reno,35.53,-97.95,84.0,61,19.46,40,US,1592408110
airai,-8.93,125.41,55.62,95,4.81,7,TL,1592408110
pingliang,35.54,106.69,58.96,67,4.16,0,CN,1592408110
grindavik,63.84,-22.43,50.0,71,12.75,75,IS,1592408111
bilibino,68.05,166.44,63.63,49,3.94,99,RU,1592408111
biryusinsk,55.96,97.82,49.57,71,5.66,0,RU,1592408111
kodiak,57.79,-152.41,50.0,87,21.92,90,US,1592407985
walla walla,46.06,-118.34,60.01,66,11.41,90,US,1592408072
domoni,-12.26,44.53,75.76,76,10.33,52,KM,1592408111
bentiu,9.23,29.83,83.41,63,5.61,72,SS,1592408111
xuanhua,40.61,115.04,73.0,46,4.21,99,CN,1592408111
abbeville,50.1,1.83,68.0,72,6.73,100,FR,1592408112
ribeira grande,38.52,-28.7,68.0,77,6.93,75,PT,1592407879
lata,40.16,-8.33,70.0,62,11.77,0,PT,1592407925
saint-pierre,-21.34,55.48,66.2,88,17.22,90,RE,1592408116
ponta do sol,32.67,-17.1,71.6,83,8.05,40,PT,1592408164
necochea,-38.55,-58.74,62.01,99,7.0,100,AR,1592408071
linden,6.0,-58.3,84.2,74,4.7,75,GY,1592408164
binzhou,37.37,118.02,68.49,71,4.14,100,CN,1592408164
thibodaux,29.8,-90.82,86.0,63,1.01,0,US,1592407904
willowmore,-33.29,23.49,52.48,44,6.08,0,ZA,1592408165
itarema,-2.92,-39.92,85.59,62,14.05,8,BR,1592408165
sur,22.57,59.53,89.11,67,12.1,8,OM,1592407891
cordoba,-31.41,-64.18,72.0,68,9.17,75,AR,1592408022
boyolangu,-8.12,111.89,76.1,89,5.17,56,ID,1592408165
nuuk,64.18,-51.72,37.4,93,4.7,75,GL,1592408092
sitka,57.05,-135.33,51.8,76,3.4,90,US,1592408075
praya,14.92,-23.51,84.2,70,9.17,1,CV,1592408165
severo-kurilsk,50.68,156.12,42.3,91,2.82,100,RU,1592408165
hualmay,-11.1,-77.61,67.8,67,10.09,25,PE,1592408165
vardo,70.37,31.11,48.2,70,14.99,55,NO,1592408166
acapulco,16.86,-99.89,86.0,66,4.27,5,MX,1592407924
moose factory,51.26,-80.61,78.8,57,6.93,1,CA,1592407937
high level,58.52,-117.14,55.4,87,4.7,90,CA,1592408166
bubaque,11.28,-15.83,80.22,87,14.25,53,GW,1592408166
mount gambier,-37.83,140.77,44.6,87,8.05,75,AU,1592408078
dingle,11.0,122.67,78.37,80,3.27,100,PH,1592408166
katsuura,35.13,140.3,71.6,83,5.82,75,JP,1592408166
bojnurd,37.47,57.33,86.0,15,6.93,20,IR,1592408167
victor harbor,-35.57,138.62,43.0,95,11.1,36,AU,1592408167
nikolskoye,59.7,30.79,78.8,54,8.95,40,RU,1592408069
cidreira,-30.18,-50.21,68.25,74,9.35,48,BR,1592407849
karaton,-6.34,106.1,84.2,74,4.7,20,ID,1592408167
shelburne,44.08,-80.2,75.99,41,3.36,20,CA,1592408167
kropotkin,45.44,40.58,80.01,67,8.99,27,RU,1592408167
puertollano,38.69,-4.11,79.0,24,11.59,0,ES,1592408168
barrow,71.29,-156.79,35.6,80,11.41,75,US,1592408168
iwanai,42.97,140.51,55.76,90,4.38,100,JP,1592408168
shubarshi,48.59,57.19,76.39,28,7.47,0,KZ,1592408168
saint-philippe,-21.36,55.77,66.2,88,17.22,90,RE,1592408168
saint andrews,34.05,-81.13,64.4,77,4.7,90,US,1592408168
liuli,-11.08,34.63,69.21,68,10.2,23,TZ,1592408168
castro,-24.79,-50.01,69.08,64,8.72,81,BR,1592408075
beringovskiy,63.05,179.32,47.32,72,3.18,0,RU,1592408169
san carlos del zulia,9.0,-71.91,86.16,73,4.92,98,VE,1592408169
road town,18.42,-64.62,82.4,78,11.41,40,VG,1592408096
solvychegodsk,61.33,46.92,60.89,45,4.23,0,RU,1592408169
leningradskiy,69.38,178.42,43.84,64,8.43,77,RU,1592408080
beaverlodge,55.22,-119.44,57.2,71,5.82,90,CA,1592408169
touros,-5.2,-35.46,77.0,100,8.05,75,BR,1592408078
gat,31.61,34.76,86.0,46,11.32,0,IL,1592407983
boende,-0.22,20.87,84.42,51,1.07,20,CD,1592408170
souillac,-20.52,57.52,69.8,94,18.34,75,MU,1592408170
upington,-28.45,21.26,66.2,32,9.17,0,ZA,1592408170
sergeyevka,53.88,67.42,65.14,69,9.17,55,KZ,1592408170
port blair,11.67,92.75,83.61,81,11.12,100,IN,1592408070
santa cruz del sur,20.71,-78.0,86.47,67,7.25,86,CU,1592408170
peque,7.02,-75.91,72.07,71,0.22,99,CO,1592408170
arteni,40.3,43.76,84.2,37,23.04,40,AM,1592408170
kamina,-8.74,24.99,69.42,38,3.89,0,CD,1592408170
tarauaca,-8.16,-70.77,88.9,46,2.98,0,BR,1592408171
stornoway,58.21,-6.39,57.2,87,5.82,90,GB,1592408171
ahipara,-35.17,173.17,59.45,92,12.26,100,NZ,1592408171
banda aceh,5.56,95.32,81.97,78,4.81,100,ID,1592408171
san patricio,19.22,-104.7,84.2,79,3.67,20,MX,1592408171
provideniya,64.38,-173.3,53.69,59,2.01,1,RU,1592408171
dikson,73.51,80.55,32.68,93,2.21,92,RU,1592408074
virginia beach,36.85,-75.98,73.99,87,1.01,91,US,1592407819
kayerkan,69.35,87.76,41.0,93,6.71,40,RU,1592408172
chicama,-7.84,-79.15,72.54,59,8.16,19,PE,1592408068
lingao,19.91,109.69,80.22,75,8.77,0,CN,1592408172
bengkulu,-3.8,102.27,78.03,86,4.56,87,ID,1592408172
mittagong,-34.45,150.45,55.99,84,1.01,42,AU,1592408172
veraval,20.9,70.37,85.39,80,11.1,62,IN,1592408052
vicksburg,32.35,-90.88,80.6,61,2.44,1,US,1592408172
shache,38.42,77.24,78.24,23,26.53,96,CN,1592408173
ortigueira,-24.21,-50.95,71.24,62,6.89,9,BR,1592408173
mahebourg,-20.41,57.7,69.8,94,18.34,75,MU,1592408173
santa cruz,-17.8,-63.17,82.4,65,23.04,40,BO,1592408056
bethel,41.37,-73.41,73.99,56,5.82,1,US,1592408173
korla,41.76,86.15,81.0,54,3.0,28,CN,1592407907
umm kaddadah,13.6,26.69,94.95,26,12.12,95,SD,1592408173
shibetsu,43.66,145.13,53.69,89,4.14,91,JP,1592408173
brae,60.4,-1.35,57.2,87,9.17,89,GB,1592408173
sobolevo,54.43,31.9,75.47,75,6.51,0,RU,1592407922
itapora,-22.08,-54.79,82.11,49,16.46,1,BR,1592408174
staryy nadym,65.61,72.68,47.71,53,8.88,96,RU,1592408174
kaitangata,-46.28,169.85,43.0,79,7.0,94,NZ,1592408174
lasa,46.62,10.7,69.8,73,2.24,40,IT,1592408174
laohekou,32.39,111.67,68.09,95,0.09,100,CN,1592408174
sao joao da barra,-21.64,-41.05,75.2,60,12.75,75,BR,1592408118
belmonte,-15.86,-38.88,78.8,65,10.29,40,BR,1592408174
pacific grove,36.62,-121.92,63.0,63,7.23,1,US,1592407898
pangnirtung,66.15,-65.71,37.4,74,11.41,90,CA,1592408175
beloha,-25.17,45.05,63.59,75,12.66,0,MG,1592408175
marsh harbour,26.54,-77.06,79.66,76,10.63,6,BS,1592407920
tasiilaq,65.61,-37.64,39.2,80,33.33,75,GL,1592408070
raga,8.46,25.68,78.35,81,6.53,67,SS,1592408175
ust-nera,64.57,143.2,58.86,59,4.14,37,RU,1592408175
yulara,-25.24,130.99,48.2,36,6.93,0,AU,1592408175
khandyga,62.67,135.6,57.36,55,0.51,0,RU,1592408175
guanica,17.97,-66.91,91.0,57,8.01,60,PR,1592408175
puerto madryn,-42.77,-65.04,58.24,48,13.51,99,AR,1592408056
narsaq,60.92,-46.05,46.4,61,6.93,75,GL,1592408073
karratha,-20.74,116.85,68.83,76,0.36,0,AU,1592408176
hay river,60.82,-115.8,57.2,67,8.05,75,CA,1592408176
tirumullaivasal,11.23,79.83,86.18,71,15.79,81,IN,1592408176
maple creek,49.92,-109.48,57.18,73,12.37,82,CA,1592408176
draguignan,43.53,6.47,80.6,32,18.34,0,FR,1592408176
arlit,18.74,7.39,106.48,7,18.12,0,NE,1592408176
kalawit,8.07,122.52,79.16,84,4.14,100,PH,1592408176
ambilobe,-13.2,49.05,72.45,63,3.91,30,MG,1592408177
sinop,41.77,34.87,64.15,87,4.36,84,TR,1592407956
bilkha,21.43,70.6,85.86,72,9.46,38,IN,1592408177
victoria,22.29,114.16,84.0,74,8.01,0,HK,1592407994
rio gallegos,-51.62,-69.22,26.6,92,5.82,0,AR,1592408177
paita,-5.09,-81.11,73.4,69,25.28,50,PE,1592408177
qaanaaq,77.48,-69.36,33.01,92,6.78,58,GL,1592408177
lebu,-37.62,-73.65,52.97,89,7.25,100,CL,1592408079
general pico,-35.66,-63.76,53.83,89,10.09,100,AR,1592408177
barra patuca,15.8,-84.28,79.61,85,8.7,100,HN,1592408178
neftcala,39.37,49.25,78.53,64,11.18,0,AZ,1592408178
atlanta,33.75,-84.39,66.99,72,6.78,90,US,1592407916
ornskoldsvik,63.29,18.72,62.6,67,5.82,96,SE,1592408178
vostok,46.49,135.88,45.48,100,1.66,100,RU,1592408178
geraldton,-28.77,114.6,66.2,72,20.8,90,AU,1592408178
sortland,68.69,15.42,66.0,55,4.7,24,NO,1592408178
baiyin,36.56,104.21,71.01,62,5.95,1,CN,1592408178
pontes e lacerda,-15.23,-59.34,88.93,40,8.3,0,BR,1592408179
salalah,17.02,54.09,89.6,70,8.05,2,OM,1592408179
riyadh,24.69,46.72,107.6,8,13.87,10,SA,1592408019
rio bananal,-19.27,-40.33,76.01,55,9.33,30,BR,1592408179
wilmington,34.23,-77.94,70.0,91,6.91,86,US,1592408179
clinton,42.59,-82.92,79.0,34,3.0,0,US,1592408151
misratah,32.38,15.09,81.75,39,13.47,0,LY,1592408179
san quintin,30.48,-115.95,64.2,73,5.21,100,MX,1592408180
leh,34.17,77.58,58.17,30,4.99,0,IN,1592408180
upernavik,72.79,-56.15,33.66,90,4.05,0,GL,1592408180
awjilah,29.11,21.29,89.85,21,19.71,0,LY,1592408180
ilulissat,69.22,-51.1,39.2,78,6.93,75,GL,1592408180
iqaluit,63.75,-68.51,41.0,65,8.05,75,CA,1592408180
amahai,-3.33,128.92,82.99,91,1.99,78,ID,1592408180
montepuez,-13.13,39.0,70.72,60,8.57,86,MZ,1592408044
nemuro,43.32,145.57,51.44,96,9.19,99,JP,1592408180
hamilton,39.18,-84.53,77.0,47,8.05,1,US,1592408181
champerico,14.3,-91.92,78.8,94,4.25,40,GT,1592408181
egvekinot,66.32,-179.17,54.64,49,1.7,3,RU,1592408075
sao filipe,14.9,-24.5,75.9,82,11.63,6,CV,1592408181
georgetown,5.41,100.34,84.2,88,3.36,20,MY,1592407837
bathsheba,13.22,-59.52,86.0,66,21.92,40,BB,1592408074
netanya,32.33,34.86,86.0,39,14.99,0,IL,1592408181
yoichi,43.2,140.77,57.0,93,4.92,100,JP,1592408181
tura,25.52,90.22,75.4,98,7.61,100,IN,1592408182
popondetta,-8.75,148.25,71.19,95,2.46,100,PG,1592408182
kalabo,-14.97,22.68,68.2,37,9.06,2,ZM,1592408182
longyearbyen,78.22,15.64,39.2,77,8.05,20,SJ,1592407882
port-gentil,-0.72,8.78,78.8,83,10.29,90,GA,1592407905
shingu,33.73,135.98,67.77,74,2.37,100,JP,1592408182
kokopo,-4.35,152.26,76.28,87,6.11,2,PG,1592407915
yelnya,54.58,33.18,75.22,70,6.17,0,RU,1592408182
liuzhou,24.31,109.39,78.91,85,8.97,28,CN,1592408145
khatanga,71.97,102.5,50.56,73,1.54,100,RU,1592408183
los llanos de aridane,28.66,-17.92,77.0,73,9.17,20,ES,1592408183
westport,41.14,-73.36,78.01,56,10.29,1,US,1592408008
tuatapere,-46.13,167.68,39.0,83,3.0,93,NZ,1592408073
lazaro cardenas,17.96,-102.2,88.61,53,2.57,0,MX,1592408184
ketchikan,55.34,-131.65,53.6,76,4.7,40,US,1592408185
alofi,-19.06,-169.92,71.6,68,13.87,98,NU,1592408185
zhezkazgan,47.8,67.71,69.26,33,8.95,46,KZ,1592408185
caravelas,-17.71,-39.25,76.06,62,12.15,80,BR,1592408185
cockburn town,21.46,-71.14,87.8,66,13.87,40,TC,1592408185
nanning,22.82,108.32,80.6,88,4.47,0,CN,1592408185
san carlos de bariloche,-41.15,-71.31,41.0,80,2.24,40,AR,1592408186
kushnarenkovo,55.1,55.35,71.01,77,8.95,75,RU,1592408186
saldanha,-33.01,17.94,75.2,48,5.82,0,ZA,1592407902
aras,42.56,-2.36,71.6,40,2.24,20,ES,1592408186
la chaux-de-fonds,47.1,6.83,63.0,100,4.7,75,CH,1592408186
morrope,-6.54,-80.01,68.0,72,12.75,75,PE,1592408186
torbay,47.67,-52.73,75.99,38,19.46,75,CA,1592407919
koutiala,12.39,-5.46,102.74,23,3.15,67,ML,1592408187
mount isa,-20.73,139.5,68.0,42,9.17,0,AU,1592408187
namatanai,-3.67,152.43,78.93,81,6.26,13,PG,1592408187
trairi,-3.28,-39.27,85.87,62,12.44,0,BR,1592408187
shimoda,34.67,138.95,62.01,92,4.85,100,JP,1592408187
kruisfontein,-34.0,24.73,56.5,47,4.85,0,ZA,1592408187
waipawa,-41.41,175.52,54.0,81,1.99,100,NZ,1592407890
khorixas,-20.37,14.97,76.14,22,10.4,0,NA,1592408187
ulaangom,49.98,92.07,67.44,50,7.67,100,MN,1592408188
krasnooktyabrskiy,44.93,38.37,84.99,62,7.14,0,RU,1592408188
yar-sale,66.83,70.83,45.7,56,13.2,66,RU,1592408188
burnie,-41.07,145.92,42.01,86,1.99,57,AU,1592407995
opuwo,-18.06,13.84,73.96,23,11.52,0,NA,1592408188
ulaanbaatar,47.91,106.88,60.8,51,2.24,40,MN,1592407996
fairbanks,64.84,-147.72,61.0,76,3.36,90,US,1592408134
ligayan,4.65,119.47,85.37,68,7.52,81,PH,1592408188
pevek,69.7,170.31,43.92,66,5.19,86,RU,1592408189
weatherford,32.76,-97.8,84.0,54,5.99,0,US,1592407932
ponnani,10.77,75.93,77.0,88,5.82,75,IN,1592408189
nishihara,26.18,127.76,82.4,94,12.75,20,JP,1592408189
tarut,26.57,50.04,105.8,11,16.11,0,SA,1592408189
chaman,30.92,66.45,86.61,12,8.39,0,PK,1592408189
emba,48.83,58.14,75.33,29,7.29,0,KZ,1592408189
aberystwyth,52.42,-4.08,62.01,96,1.99,100,GB,1592408189
vanavara,60.34,102.28,49.08,68,2.28,65,RU,1592407921
mujiayingzi,42.12,118.78,68.63,67,9.26,100,CN,1592408190
cayenne,4.93,-52.33,86.0,70,5.82,75,GF,1592407947
wajid,3.81,43.25,81.34,47,15.19,80,SO,1592408190
albania,41.0,20.0,75.2,64,2.24,40,AL,1592408190
warmbad,-28.45,18.73,60.76,34,11.45,0,NA,1592408190
plettenberg bay,-34.05,23.37,63.84,44,6.22,0,ZA,1592408190
zolotyy potik,48.91,25.34,75.2,60,11.18,75,UA,1592408190
teya,60.38,92.63,51.76,68,4.12,89,RU,1592408190
changping,40.22,116.22,81.0,47,11.18,93,CN,1592408191
roma,43.21,-75.46,79.0,50,3.36,1,US,1592407918
maceio,-9.67,-35.74,82.4,65,18.34,40,BR,1592408011
kamaishi,39.27,141.88,60.48,79,3.22,0,JP,1592408191
zhigalovo,54.81,105.16,46.87,64,1.72,27,RU,1592408191
tuy hoa,13.08,109.3,79.7,80,5.21,7,VN,1592408191
san ignacio,17.16,-89.07,80.6,83,4.7,75,BZ,1592408191
monopoli,40.96,17.29,81.0,50,8.05,20,IT,1592408192
taoudenni,22.68,-3.98,112.96,6,18.19,0,ML,1592408192
yenagoa,4.92,6.26,76.62,89,6.96,99,NG,1592408192
tezu,27.92,96.17,79.63,74,2.51,97,IN,1592408192
maumere,-8.62,122.21,79.32,72,3.76,100,ID,1592408192
kozyatyn,49.71,28.83,69.8,88,6.71,40,UA,1592408192
bandarbeyla,9.49,50.81,86.41,54,27.07,100,SO,1592408192
coihaique,-45.58,-72.07,37.4,93,3.36,90,CL,1592408193
roanoke rapids,36.46,-77.65,69.01,100,10.94,90,US,1592408122
cheney,47.49,-117.58,52.0,81,5.82,20,US,1592408194
constitucion,-35.33,-72.42,53.69,85,9.44,99,CL,1592407902
paamiut,61.99,-49.67,34.54,94,1.07,99,GL,1592408194
martapura,-3.42,114.85,76.6,88,3.13,78,ID,1592408194
novo aripuana,-5.12,-60.38,86.61,63,4.54,28,BR,1592408194
abu samrah,35.3,37.18,86.31,26,20.62,0,SY,1592408194
magadan,59.57,150.8,45.64,91,6.26,43,RU,1592408194
krasnovka,48.82,40.09,78.48,49,5.35,65,RU,1592408195
karpathos,35.51,27.21,77.0,69,14.99,20,GR,1592408195
saurimo,-9.66,20.39,80.6,30,6.93,0,AO,1592408196
shaowu,27.34,117.48,78.73,77,2.62,100,CN,1592408196
nabire,-3.37,135.48,76.46,84,3.18,100,ID,1592408196
portobelo,9.55,-79.65,88.0,79,8.05,40,PA,1592408196
iringa,-7.77,35.7,73.4,40,14.99,20,TZ,1592408196
buala,-8.14,159.59,80.62,79,6.53,94,SB,1592408068
huanren,41.26,125.37,58.41,77,1.66,100,CN,1592408197
ostrovnoy,68.05,39.51,44.28,69,7.25,71,RU,1592408197
valparaiso,-33.04,-71.63,51.8,100,9.17,90,CL,1592408197
belaya rechka,43.44,43.53,75.2,60,8.95,90,RU,1592408197
hofn,64.25,-15.21,49.91,64,7.61,0,IS,1592408197
diego de almagro,-26.37,-70.05,62.22,33,3.89,18,CL,1592408197
batagay-alyta,67.8,130.41,57.88,56,4.14,40,RU,1592408198
kabanjahe,3.1,98.49,80.6,83,2.24,40,ID,1592408198
thinadhoo,0.53,72.93,84.79,75,6.49,79,MV,1592408198
sistranda,63.73,8.83,66.2,77,12.75,20,NO,1592408199
lodja,-3.48,23.43,81.12,35,0.76,53,CD,1592408199
simbahan,6.3,120.58,84.78,71,7.49,92,PH,1592408200
cozumel,20.51,-86.95,82.0,78,6.93,75,MX,1592408200
segamat,2.51,102.82,78.8,88,2.24,20,MY,1592408200
hami,42.8,93.45,88.68,12,5.82,99,CN,1592408200
ponta delgada,37.73,-25.67,66.2,82,18.34,40,PT,1592408200
marquette,46.53,-87.63,77.0,47,9.17,5,US,1592408200
palauig,15.44,119.9,82.65,74,1.95,100,PH,1592408200
smithers,54.78,-127.17,46.4,87,3.36,75,CA,1592407960
methala,10.22,76.22,78.8,94,6.93,90,IN,1592408201
adelaide,-34.93,138.6,55.99,66,10.29,6,AU,1592408070
dongkan,34.0,119.83,68.22,96,10.38,100,CN,1592408202
norman wells,65.28,-126.83,64.4,68,9.17,40,CA,1592408202
denpasar,-8.65,115.22,82.4,100,12.75,40,ID,1592408115
siocon,7.71,122.14,80.29,81,2.64,100,PH,1592408202
kulhudhuffushi,6.62,73.07,84.51,80,15.08,100,MV,1592408203
hasaki,35.73,140.83,66.2,88,2.24,53,JP,1592408203
wanning,18.8,110.4,80.67,84,9.98,0,CN,1592408203
mehamn,71.04,27.85,48.2,66,8.05,28,NO,1592408203
chita,52.03,113.55,62.6,51,2.24,13,RU,1592407929
harper,4.38,-7.72,79.39,83,13.82,98,LR,1592408203
shitanjing,39.23,106.34,70.0,35,5.01,35,CN,1592408203
blankenberge,51.31,3.13,61.0,87,4.7,20,BE,1592408204
kaffrine,14.11,-15.55,104.59,23,7.49,60,SN,1592408204
yalkhoy-mokhk,43.11,46.19,80.6,42,13.42,75,RU,1592408204
jakar,27.55,90.75,61.5,77,0.51,100,BT,1592408204
marabba,12.35,32.18,95.23,34,8.5,100,SD,1592408204
prainha,-1.8,-53.48,87.94,55,5.77,20,BR,1592408204
tilichiki,60.47,166.1,40.96,91,1.63,11,RU,1592408204
bellevue,47.61,-122.2,59.0,76,3.36,75,US,1592408008
ayan,56.45,138.17,41.36,97,6.08,100,RU,1592408205
onguday,50.75,86.15,57.34,65,3.44,90,RU,1592408205
tinaquillo,9.92,-68.3,82.69,65,4.52,54,VE,1592408205
dongning,44.06,131.12,55.78,92,0.78,93,CN,1592408205
liverpool,53.41,-2.98,78.01,68,9.17,100,GB,1592408074
quarai,-30.39,-56.45,75.2,57,17.22,96,BR,1592408205
coari,-4.08,-63.14,87.91,55,1.72,29,BR,1592408206
doka,13.52,35.77,88.36,51,6.31,90,SD,1592408206
sao francisco,-15.95,-44.86,79.88,45,9.6,53,BR,1592408206
luwuk,-0.95,122.79,78.31,80,5.1,81,ID,1592408206
axim,4.87,-2.24,79.21,82,15.3,95,GH,1592408064
jiayuguan,39.82,98.3,74.66,18,8.03,0,CN,1592408206
general roca,-39.03,-67.58,46.4,75,4.7,67,AR,1592408189
yangambi,0.81,24.43,81.23,62,2.17,83,CD,1592408206
portland,45.52,-122.68,57.99,82,2.17,75,US,1592408266
asau,46.43,26.4,71.01,74,1.92,97,RO,1592408073
chipinge,-20.19,32.62,49.98,94,4.68,0,ZW,1592408207
petropavlovka,50.61,105.32,56.55,53,3.4,34,RU,1592408207
garden city,42.33,-83.33,80.6,29,3.36,20,US,1592408208
te anau,-45.42,167.72,39.61,89,6.15,44,NZ,1592408208
illapel,-31.63,-71.17,49.91,73,8.16,100,CL,1592408208
nantucket,41.28,-70.1,62.6,77,11.41,90,US,1592408203
bereda,43.27,-7.54,59.0,86,4.0,100,ES,1592408208
luderitz,-26.65,15.16,87.8,10,8.05,0,NA,1592408075
marawi,8.0,124.29,69.66,90,3.65,100,PH,1592408208
lagoa,39.05,-27.98,63.21,80,11.32,16,PT,1592408209
college,64.86,-147.8,61.0,76,3.36,75,US,1592408209
novonukutskiy,53.7,102.71,53.22,60,2.71,3,RU,1592408209
tarakan,3.3,117.63,82.98,74,6.17,100,ID,1592408209
yarada,17.65,83.27,86.0,79,9.17,40,IN,1592407934
orlik,52.52,99.83,46.92,76,3.13,38,RU,1592408209
paso de ovejas,19.28,-96.43,86.0,74,4.45,20,MX,1592408209
tacoronte,28.48,-16.41,75.99,69,13.87,75,ES,1592408210
dobrinka,52.17,40.47,73.69,72,5.23,0,RU,1592408210
umaria,23.53,80.83,81.36,70,11.3,100,IN,1592408210
baracoa,20.35,-74.5,84.78,75,7.96,97,CU,1592408210
grand gaube,-20.01,57.66,70.0,88,13.0,48,MU,1592408210
jalu,29.03,21.55,91.45,19,18.48,0,LY,1592408210
buraydah,26.33,43.98,105.8,13,11.41,0,SA,1592408210
albanel,48.88,-72.45,77.0,47,8.05,90,CA,1592408211
pisco,-13.7,-76.22,69.01,72,10.29,20,PE,1592408067
algeciras,36.13,-5.45,77.0,53,13.87,40,ES,1592407912
aleppo,36.25,37.5,86.25,29,23.96,0,SY,1592408211
bridlington,54.08,-0.19,66.2,82,9.17,97,GB,1592408211
karia,11.73,11.16,100.8,21,3.96,6,NG,1592408211
bairiki,1.33,172.98,80.6,78,4.7,20,KI,1592408212
anzio,41.49,12.62,75.0,66,10.0,0,IT,1592408212
port hedland,-20.32,118.57,64.4,82,3.13,0,AU,1592408212
iranshahr,27.2,60.68,113.0,6,9.17,20,IR,1592408212
srednekolymsk,67.45,153.68,70.23,41,4.94,92,RU,1592408212
gulu,2.77,32.3,68.02,91,1.14,48,UG,1592408213
nouakchott,18.09,-15.98,111.2,11,24.16,0,MR,1592408213
guerrero negro,27.98,-114.06,67.41,68,13.13,75,MX,1592408213
obuasi,6.21,-1.66,79.07,87,5.21,88,GH,1592408213
doha,25.29,51.53,105.8,15,16.11,21,QA,1592407806
turukhansk,65.82,87.98,42.31,92,6.13,99,RU,1592408213
sibi,29.54,67.88,108.09,7,7.16,0,PK,1592408213
newcastle,-32.93,151.78,63.0,59,14.99,90,AU,1592408213
carutapera,-1.2,-46.02,88.21,58,8.16,10,BR,1592408214
comal,29.82,-98.3,80.01,74,4.0,60,US,1592408214
akdepe,42.06,59.38,86.0,17,11.41,32,TM,1592408214
lagos,6.58,3.75,80.6,83,3.36,40,NG,1592408281
pakxan,18.38,103.66,75.83,93,1.99,100,LA,1592408214
tateyama,34.98,139.87,72.0,88,6.73,93,JP,1592408214
pimentel,-6.84,-79.93,68.0,72,12.75,75,PE,1592408214
mocuba,-16.84,36.99,64.89,89,4.76,12,MZ,1592408215
esmeraldas,-19.76,-44.31,69.8,72,11.41,75,BR,1592408215
atar,20.52,-13.05,107.4,11,25.86,0,MR,1592408215
burley,42.54,-113.79,46.4,75,21.92,90,US,1592408215
garissa,-0.45,39.64,82.38,48,20.4,26,KE,1592408215
vila velha,-20.33,-40.29,75.99,73,5.82,75,BR,1592408215
kompaniyivka,48.25,32.21,75.58,72,6.89,64,UA,1592408215
tiszabercel,48.15,21.65,71.6,78,8.05,40,HU,1592408215
carbonia,39.17,8.52,84.2,32,16.11,0,IT,1592408216
ferzikovo,54.52,36.76,80.6,42,6.71,26,RU,1592408216
vanimo,-2.67,141.3,77.04,83,3.49,63,PG,1592408216
el balsamo,15.07,-87.47,82.4,74,2.24,75,HN,1592408216
collie,-33.37,116.15,57.99,52,10.6,88,AU,1592408216
onda,39.97,-0.25,70.0,67,3.0,18,ES,1592408216
melfort,52.87,-104.62,51.8,100,19.46,90,CA,1592408216
oberwart,47.29,16.21,75.0,68,1.99,96,AT,1592408216
mareeba,-17.0,145.43,73.4,78,12.75,40,AU,1592408217
carauari,-4.88,-66.9,90.82,46,4.18,0,BR,1592408217
pindi bhattian,31.9,73.27,102.34,8,5.35,0,PK,1592408217
krasnopillya,50.77,35.26,75.61,81,9.48,77,UA,1592408217
aitape,-3.14,142.35,77.27,82,3.51,27,PG,1592408217
strabychovo,48.39,22.54,75.2,60,3.2,40,UA,1592408217
verkhniye tatyshly,56.29,55.86,58.42,73,10.13,0,RU,1592408217
majene,-3.54,118.97,79.54,82,17.87,84,ID,1592408217
fez,34.04,-5.0,84.2,35,9.17,75,MA,1592407933
asosa,10.07,34.53,65.98,95,0.47,100,ET,1592408218
cap malheureux,-19.98,57.61,70.0,88,11.99,49,MU,1592407942
toora-khem,52.47,96.11,54.0,64,0.27,14,RU,1592408218
norcasia,5.58,-74.89,79.41,78,2.24,65,CO,1592408218
lichtenburg,-26.15,26.16,48.4,75,5.08,96,ZA,1592408218
honiara,-9.43,159.95,75.2,100,2.24,40,SB,1592407994
sakaiminato,35.55,133.23,69.8,83,1.12,75,JP,1592408218
bhubaneswar,20.23,85.83,84.2,89,13.87,75,IN,1592408218
aasiaat,68.71,-52.87,35.17,86,4.63,63,GL,1592408219
fort nelson,58.81,-122.7,51.8,100,2.24,90,CA,1592408220
nueva loja,0.08,-76.88,77.0,88,3.36,40,EC,1592408220
muli,2.92,73.57,84.07,81,9.89,79,MV,1592408220
vicuna,-30.03,-70.71,51.8,81,12.75,75,CL,1592408220
richards bay,-28.78,32.04,62.4,76,4.76,100,ZA,1592408221
morris,40.83,-74.53,75.99,46,11.41,5,US,1592408221
colares,38.8,-9.45,72.0,56,13.87,20,PT,1592408221
alenquer,-1.94,-54.74,87.15,59,6.89,6,BR,1592408221
yumen,40.28,97.2,76.35,16,8.72,16,CN,1592408221
bushehr,28.97,50.84,91.4,49,13.87,0,IR,1592408221
hailar,49.2,119.7,62.62,80,6.73,100,CN,1592408077
fangshan,39.7,115.99,81.0,55,8.55,84,CN,1592408222
nisia floresta,-6.09,-35.21,84.2,70,23.04,75,BR,1592408222
sandviken,60.62,16.77,60.01,84,5.01,75,SE,1592408222
wattegama,6.8,81.48,86.0,84,10.29,40,LK,1592408222
acarau,-2.89,-40.12,85.62,63,12.93,20,BR,1592408222
layou,13.2,-61.27,86.0,70,9.17,75,VC,1592408222
chokwe,-24.53,32.98,59.58,92,13.76,100,MZ,1592407959
veydelevka,50.15,38.45,76.35,71,8.84,0,RU,1592408223
brainerd,46.36,-94.2,80.6,44,12.75,1,US,1592408093
eidsvag,62.78,8.07,75.2,53,9.17,33,NO,1592408223
skjervoy,70.03,20.97,55.4,71,4.7,0,NO,1592408223
qinhuangdao,39.93,119.59,74.93,52,13.87,100,CN,1592408223
san lazaro,18.04,-88.66,80.6,88,4.54,75,BZ,1592408223
tual,-5.67,132.75,80.38,83,23.17,25,ID,1592408223
port hardy,50.7,-127.42,55.4,82,3.36,75,CA,1592408224
nola,40.92,14.53,75.99,69,9.17,40,IT,1592408224
lucea,18.45,-78.17,86.0,66,6.93,20,JM,1592408224
koygorodok,60.45,51.0,57.79,44,5.1,0,RU,1592408224
kabalo,-6.05,26.92,80.56,30,4.43,0,CD,1592408224
kahului,20.89,-156.47,75.2,73,12.75,20,US,1592408224
amapa,1.0,-52.0,79.66,94,5.08,50,BR,1592408225
jiuquan,39.74,98.52,75.27,18,10.07,0,CN,1592408225
talnakh,69.49,88.4,41.0,93,6.71,40,RU,1592408225
kargasok,59.06,80.86,58.5,68,9.82,0,RU,1592408225
yarim,14.3,44.38,68.74,42,1.5,78,YE,1592408225
vysokogornyy,50.12,139.15,42.84,94,2.24,100,RU,1592408225
ust-karsk,52.7,118.81,57.79,84,2.84,83,RU,1592408225
gizo,-8.1,156.84,82.31,78,14.34,99,SB,1592408226
